{"current":{"color_default":"#ff597e","color_primary":"#000000","color_secondary":"#f7f7f7","color_borders":"#ededed","color_body_bg":"#ffffff","color_heading_text":"#4c4c4c","color_body_text":"#000000","color_topbar_bg":"#ffffff","color_topbar_text":"#6b6b6b","color_footer_social_link":"#7a7a7a","color_nav_bg":"rgba(0,0,0,0)","color_nav_text":"#757575","color_sub_nav_bg":"#a5a5a5","color_sub_nav_text":"#323232","color_footer_bg":"#000000","color_footer_title_text":"#ffffff","color_footer_text":"#9b9b9b","header_type":"header1","header_sticky":true,"logo_use_image":true,"logo_max_width":"44","favicon_enable":true,"currency_enable":false,"supported_currencies":"USD","megamenu_1_parent":"shop","megamenu_1_column_1_block_1_title":"Products","megamenu_1_column_1_block_1_menu":"","megamenu_1_column_2_block_1_title":"","megamenu_1_column_2_block_1_menu":"","megamenu_1_column_3_block_1_title":"Latest News","megamenu_1_column_3_block_1_menu":"","megamenu_1_column_4_image_url":"#","megamenu_2_parent":"catalog","megamenu_2_column_1_block_1_title":"Men Shop","megamenu_2_column_1_block_1_menu":"","megamenu_2_column_2_block_1_title":"My Account","megamenu_2_column_2_block_1_menu":"main-menu","megamenu_2_column_3_block_1_title":"Latest News","megamenu_2_column_3_block_1_menu":"","megamenu_2_column_4_image_url":"#","footer_block_1_title":"Contact Us","footer_block_1_address":"<div class=\"infor-inner\">\n<p class=\"heding\">Address<\/p>\n227 Water St, <br>2nd Floor <br>Augusta, ME 04330\n\n<\/div>","footer_block_1_emails":"<div class=\"infor-inner\">\n<p class=\"heding\">EmailUs<\/p>\ninfo@upsuiteco.com<br>sales@upsuiteco.com\n\n<\/div>","footer_block_1_phone":"","footer_block_2_title":"","footer_block_2":"","footer_block_3_title":"","footer_block_3":"","footer_block_4_title":"Get In Touch","copyright":";<a href=\"https:\/\/ibb.co\/bxAQOQ\"><img src=\"https:\/\/thumb.ibb.co\/bxAQOQ\/444444444444444.png\" alt=\"444444444444444\" border=\"0\"><\/a>","copyright_menu":"footer","cart_notes_enable":false,"cart_vendor_enable":false,"ajax_cart_method":"drawer","twittercard_handle":"","social_link_facebook":"#","social_link_twitter":"#","social_link_google_plus":"#","social_link_skype":"#","social_link_pinterest":"#","social_link_instagram":"#","home_section_1":"section-slider","home_section_full_1":true,"home_section_2":"section-introduction","home_section_full_2":false,"home_section_3":"section-introduction2","home_section_full_3":false,"home_section_4":"section-introduction3","home_section_full_4":false,"home_section_5":"section-introduction5","home_section_full_5":false,"home_section_6":"section-testimonial","home_section_full_6":false,"home_section_7":"section-introduction4","home_section_full_7":false,"home_section_8":"","home_section_full_8":true,"home_section_9":"section-banner","home_section_full_9":true,"home_section_10":"","home_section_full_10":false,"home_section_11":"","home_section_full_11":false,"margin-top-section":"","margin-bottom-section":"50","slide_carousel_autoplay":true,"slide_carousel_interval":"500000","slide_carousel_1_enable":true,"slide_carousel_1_header":"Site under scheduled maintenance. Come back soon!","slide_carousel_1_button_1":"","slide_carousel_1_link_1":"https:\/\/upsuiteco.com\/products\/body-language","slide_carousel_1_button_2":"","slide_carousel_1_link_2":"https:\/\/upsuiteco.com\/products\/body-language","slide_carousel_1_style":"text-left","slide_carousel_2_enable":false,"slide_carousel_2_header":"Enter \"SLIM5\" at checkout for free shipping!","slide_carousel_2_button_1":"Order Now","slide_carousel_2_link_1":"https:\/\/upsuiteco.com\/products\/body-language","slide_carousel_2_button_2":"see deals","slide_carousel_2_link_2":"https:\/\/upsuiteco.com\/products\/body-language","slide_carousel_2_style":"text-center","slide_carousel_3_enable":false,"slide_carousel_3_header":"Limited Time Offer<br>25% OFF Entire Store!","slide_carousel_3_button_1":"Order Now","slide_carousel_3_link_1":"https:\/\/upsuiteco.com\/products\/body-language","slide_carousel_3_button_2":"See deals","slide_carousel_3_link_2":"https:\/\/upsuiteco.com\/products\/body-language","slide_carousel_3_style":"text-center","slide_carousel_4_enable":false,"slide_carousel_4_header":"","slide_carousel_4_button_1":"Order Now","slide_carousel_4_link_1":"https:\/\/upsuiteco.com\/products\/body-language","slide_carousel_4_button_2":"see deals","slide_carousel_4_link_2":"https:\/\/upsuiteco.com\/products\/body-language","slide_carousel_4_style":"text-center","slide_carousel_5_enable":false,"slide_carousel_5_header":"","slide_carousel_5_button_1":"","slide_carousel_5_link_1":"#","slide_carousel_5_button_2":"","slide_carousel_5_link_2":"#","slide_carousel_5_style":"text-center","introduction_title":"Weight Loss. Redefined.","introduction_image_enable":true,"introduction_subtitle":"The most powerful fat burner. period.","introduction_description":"Body Language is a revolutionary 3-in-1 weight loss formula for women that uses advanced detox, appetite suppression, and brain performance, so you can slim down FASTER with minimal effort. NO meal restrictions, NO cravings, NO worries!","introduction_button":"see deals","introduction_button_url":"https:\/\/upsuiteco.com\/products\/body-language","introduction_title2":"","introduction_image_enable2":true,"introduction_subtitle2":"Appetite Suppression","introduction_description2":"Beat overeating, master portion control, and curb snacking using behavioral science and sensory science. Unlike other diet aids that focus solely on your stomach, Body Language cues the cessation of eating by targeting the mind's attention and the body’s reaction to sensations.","introduction_button2":"see deals","introduction_button_url2":"https:\/\/upsuiteco.com\/products\/body-language","introduction_title3":"","introduction_image_enable3":true,"introduction_subtitle3":"Green Tea Detox","introduction_description3":"Your body, right this second, has over 10 trillion toxins! Body Language uses a rare blend of Sarsaparilla, Green Tea, and other premium antioxidants to release harmful toxins in your body that can directly affect metabolism.","introduction_button3":"see deals","introduction_button_url3":"https:\/\/upsuiteco.com\/products\/body-language","introduction_title4":"","introduction_image_enable4":true,"introduction_subtitle4":"Win a $100 Visa Gift Card","introduction_description4":"Join Leslie on our 21-day Renewal Challenge! Start Body Language with NO bread, NO dairy, NO preservatives, and NO sugar for 21-days! To enter, you must beat the challenge and submit a before and after photo of yourself to us holding a bottle of Body language! We will select a winner at random. Must be 18 years or older.","introduction_button4":"Start now!","introduction_button_url4":"https:\/\/upsuiteco.com\/products\/body-language","introduction_title5":"","introduction_image_enable5":true,"introduction_subtitle5":"Mood & Energy","introduction_description5":"Get excited about losing weight! Body Language helps you make the most out of your weight loss goals by naturally improving mental clarity, mood, focus, endurance, and energy.","introduction_button5":"See deals","introduction_button_url5":"https:\/\/upsuiteco.com\/products\/body-language","camera_title":"Triple Threat Formula","camera_image_enable":true,"camera_bg_enable":true,"camera_description":"Body Language is just what everyone is talking about, because it works! We implemented a formula to not only boost metabolism and suppress appetite, but also to improve mood and cleanse the body of specific toxins that keep us from losing stubborn body fat.","camera_image_1_enable":false,"camera_image_2_enable":false,"features_image_enable":false,"products_title":"DRONE PRODUCTS","products_collection":"","products_number":"0","products_number_column":"0","banner_image_enable":true,"banner_title":"How It Works","banner_description":"First, Body Language's formula cleanses and purifies the body of toxins and waste\nto renew your body for peak performance. This allows your body to shed weight\nmore efficiently and easily. Next, Body Language suppresses the body’s appetite with\na rare form of Garcinia Cambogia & Green Tea, while also delivering key nutrients your body \nneeds. Also, you will notice better mental clarity, focus, energy, concentration, mood, and memory without the crash – an added benefit to help you feel and look your best!\nLastly, your body will start to respond more accurately, giving you a FAST weight loss experience!","banner_button":"See Deals","banner_button_url":"https:\/\/upsuiteco.com\/products\/body-language","our_team_title":"OUR GREAT TEAM","ourteam_icon_enable":true,"our_team_1_name":"Keagan Poole","our_team_1_job":"Founder & CEO","our_team_1_facebook":"#","our_team_1_twitter":"#","our_team_1_google_plus":"#","our_team_1_linkin":"#","our_team_2_name":"Hendry Cavill","our_team_2_job":"Co-founder","our_team_2_facebook":"#","our_team_2_twitter":"#","our_team_2_google_plus":"#","our_team_2_linkin":"#","our_team_3_name":"Tobey Maguire","our_team_3_job":"Support team","our_team_3_facebook":"#","our_team_3_twitter":"#","our_team_3_google_plus":"#","our_team_3_linkin":"#","gallery_image_1_enable":false,"gallery_image_2_enable":false,"gallery_image_3_enable":false,"gallery_image_4_enable":false,"gallery_image_5_enable":false,"gallery_image_6_enable":false,"gallery_image_7_enable":false,"gallery_image_8_enable":false,"testimonial_title":"WORDS FROM OUR CUSTOMERS","testimonial_1":true,"testimonial_name_1":"Jasmine P.","testimonial_job_1":"Loyal Customer","testimonial_des_1":"\"I've tried so many weight loss products before that got me nowhere (including those gross diet meal plans). I'm very serious about what I put in my body and after doing my research on Body Language, I decided to try it out. All I can say is WOW. It feels almost instant. I lost 10 lbs on day 13, and I don't feel like I'm starving!\"","testimonial_2":false,"testimonial_name_2":"Catherine S.","testimonial_job_2":"Loyal Customer","testimonial_des_2":"\"I don't usually post reviews, but it's hard not to talk about such a great experience. As a Nutritionist, I decided to try Body Language because of the \"all in one\" benefit, which is unique! Within the first week, I started losing weight. Then, week 2 I lost a total of 11 lbs! The added focus and energy was icing on the cake!\"","testimonial_3":true,"testimonial_name_3":"Tara P.","testimonial_job_3":"Loyal Customer","testimonial_des_3":"\"Let’s be honest.. everyone loves food. I’m Italian and we love to eat. I cannot give up the foods I love. I was skeptical of Body Language because I’ve tried many diet pills before, but the pounds seriously just started coming off with no rhyme or reason why. I was still eating what I wanted, and I wasn’t exercising or doing anything differently. It really does work and I have raved about it to all my friends.”","testimonial_4":false,"testimonial_name_4":"Jillian S.","testimonial_job_4":"Loyal Customer","testimonial_des_4":"\"Love it!\"","testimonial_5":true,"testimonial_name_5":"Sherry B.","testimonial_job_5":"Loyal Customer","testimonial_des_5":"Because i'm a heavy coffee drinker,  I'm always skeptical of trying a product that promotes some sort of energy boost. When it arrived at my home, my husband opened it and told me that it uses green tea instead of caffeine! It's wonderful!\"","testimonial_6":false,"testimonial_name_6":"Sofia R.","testimonial_job_6":"Loyal Customer","testimonial_des_6":"\"AMAZING! I tried Body Language just after getting engaged and lost 48 lbs before the wedding! I stopped craving junk food almost instantly.\"","gallery_video_gallery_title":"Flying Drones","gallery_video_gallery_description":"They really are a scream the Addams Family! Their house is a museum where people come to see ‘em. They really are a addams family.","gallery_video_gallery_image_1_enable":true,"gallery_video_gallery_image_2_enable":true,"gallery_video_gallery_image_3_enable":true,"gallery_video_gallery_image_4_enable":true,"gallery_video_gallery_image_5_enable":true,"gallery_video_gallery_image_6_enable":true,"gallery_video_gallery_image_7_enable":true,"gallery_video_gallery_image_8_enable":true,"gallery_video_gallery_image_9_enable":true,"gallery_video_video_title":"Drone Action","gallery_video_video_description":"And we'll do it our way yes our way. Make all our <br>\r\ndreams come true me and you.","gallery_video_video_link":"https:\/\/www.youtube.com\/embed\/5RBCcpc53Ls","blog_title":"<a href=\"https:\/\/ibb.co\/bAjuaQ\"><img src=\"https:\/\/preview.ibb.co\/f9wkh5\/aqaa.png\" alt=\"aqaa\" border=\"0\"><\/a><br><a target=\"_blank\" href=\"https:\/\/imgbb.com\/\"><\/a>","blog_number_item":"","blog_number_column":"","newsletter_title":"Newsletter","newsletter_form_action":"","popup_newsletter_enable":false,"popup_newsletter_title":"Sign up now <br>for promotional offers!","popup_newsletter_subtitle":"","popup_newsletter_image_enable":true,"popup_newsletter_dont_show_title":"Don't show this popup again","collection_show_sidebar":false,"nb_column":"4","nb_per_page":"12","product_detail_swatch_enable":false,"product_detail_social_title":"","product_detail_facebook":false,"product_detail_twitter":false,"product_detail_google_plus":false,"product_detail_pinterest":false,"product_tab_desc_enable":false,"product_tab_desc_title":"Suggested Use","product_tab_custom_1_enable":true,"product_tab_custom_1_title":"Health Warnings & Use","product_tab_custom_1_content":"Suggested Use: Take 1 capsule 2 times daily with an 8 oz glass of water. Repeat daily. For best results, take 30 minutes before a meal or as directed by your physician.<br><br>\n\nWARNING: This product is not intended for pregnant or lactating women, children under 18 years of age,  or individuals with heart problems. Anyone taking medication(s) should consult with a healthcare professional before using this or any dietary supplements. If any adverse reactions occur, discontinue use immediately and consult with your physician.\n \n\nKEEP OUT OF REACH OF CHILDREN. DO NOT USE IF SAFETY SEAL IS TAMPERED, DAMAGED, OR MISSING. Store in a cool, dry place.\n<br><br> \n Content on this site is for reference purposes and is not intended to substitute for advice given by a physician, pharmacist, or other licensed health-care professional. You should not use this information as self-diagnosis or for treating a health problem or disease.  Information and statements have not been evaluated by the Food and Drug Administration and are not intended to diagnose, treat, cure, or prevent any disease or health condition.","product_tab_custom_2_enable":true,"product_tab_custom_2_title":"Ingredients","product_tab_custom_2_content":"Mucuna Pruriens<br>N-Acetyl L-Tyrosine<br>Vitamin B12 (1% Cyanocobalamin)<br>Garcinia Cambogia (standardized to 60% HCA)<br>Niacin<br>Sarsaparilla Root<br>Green Tea Extract (50% EGCG)<br>Vitamin C<br><br><br>Other Ingredients:<br>Calcium Carbonate<br>Magnesium Stearate<br>Gelatin","product_tab_review_enable":false,"product_tab_review_title":"Reviews","latest_title":"","latest_col":"","latest_limit":"","latest_collection":"","blog_list_number":"5","blog_detail_share":true,"blog_detail_share_title":"Share this post","blog_detail_share_facebook":true,"blog_detail_share_twitter":true,"blog_detail_share_google":true,"blog_detail_share_pinterest":true,"blog_sidebar_search_enable":true,"blog_sidebar_search_title":"Search","blog_sidebar_categories_enable":true,"blog_sidebar_categories_title":"Categories","blog_sidebar_categories_menu":"","blog_sidebar_latest_enable":true,"blog_sidebar_latest_title":"Latest News","blog_sidebar_latest_number":"3","blog_sidebar_text_widget_enable":true,"blog_sidebar_text_widget_title":"Widget Text","blog_sidebar_text_widget_content":"Said Californ'y is the place you ought to be So they loaded up the truck and moved to Bev erly. Hills that is. Swimmin' pools movie stars? The weather started getting rough the tiny ship was tossed.","blog_sidebar_tags_enable":true,"blog_sidebar_tags_title":"Useful Tags","blog_sidebar_tags_menu":"","widget_enable_1":false,"widget_title_1":"Top Sellers","widget_collection_1":"","widget_text_enable":false,"widget_text_title":"Text Widgets","widget_text_content":"Said Californ'y is the place you ought to be So they loaded up the truck and moved to Bev erl\r\ny. Hills that is. Swimmin' pools movie stars? The weather started getting rough the tiny ship was tossed.","ads_enable":false,"ads_block_url":"#","tags_enable":true,"tags_menu":"","contact_us_title":"Contact us for any queries","contact_us_content":"Questions? Let us help.","contact_us_address":"<div class=\"media\">\r\n<div class=\"media-left\"><i class=\"fa fa-map-marker\"><\/i><\/div>\r\n<div class=\"media-body\">\r\n<h4 class=\"media-heading\">Address<\/h4>\r\n227 Water St, 2nd Floor,\r\n<br>Augusta, ME 04330<\/div>\r\n<\/div>","contact_us_emails":"<div class=\"media\">\n<div class=\"media-left\"><i class=\"fa fa-envelope\"><\/i><\/div>\n<div class=\"media-body\">\n<h4 class=\"media-heading\">E-Mail<\/h4>\ninfo@upsuiteco.com<br>sales@upsuiteco.com\n<\/div>\n<\/div>","contact_us_phone":"","contact_us_hour_working":"<div class=\"media\">\r\n<div class=\"media-left\"><i class=\"fa fa-clock-o\"><\/i><\/div>\r\n<div class=\"media-body\">\r\n<h4 class=\"media-heading\">Working Hours<\/h4>\r\nMonday To Friday  : 10:00 Am to 5:00 Pm<br>\r\n<\/div>\n<\/div>","enable_google_map":true,"google_map_latitude":"44.315820","google_map_longitude":"-69.77365","google_map_height":"555","google_map_zoom":"17","contact_us_form_title":"get in touch with us","aboutus_section_1":"section-introduction","aboutus_section_full_1":true,"aboutus_section_2":"section-camera","aboutus_section_full_2":true,"aboutus_section_3":"section-features","aboutus_section_full_3":true,"aboutus_section_4":"section-banner","aboutus_section_full_4":true,"aboutus_section_5":"section-ourteam","aboutus_section_full_5":false,"aboutus_section_6":"section-gallery-video","aboutus_section_full_6":true,"gallery_page_image_title":"LATEST DRONE GALLERY","gallery_page_image_1_enable":true,"gallery_page_image_2_enable":true,"gallery_page_image_3_enable":true,"gallery_page_image_4_enable":true,"gallery_page_image_5_enable":true,"gallery_page_image_6_enable":true,"gallery_page_image_7_enable":true,"gallery_page_image_8_enable":true,"gallery_page_image_9_enable":true,"gallery_page_image_10_enable":true,"gallery_page_image_11_enable":true,"gallery_page_image_12_enable":true,"notfound_page_title":"Hmm...","notfound_page_content":"It looks like you may have a wrong turn. Don’t worry... it happens to the best of us.","notfound_page_show_newsletter":false,"notfound_page_newsletter_desc":"If you want go back to the store. Please in put the BOX BELOW","notfound_page_button":"Back To Home","recurring-orders-loading":"Loading subscription info...","recurring-orders-inherit-classes":false,"recurring-orders-additional-button-classes":"","checkout_header_image":"shopify:\/\/shop_images\/343.png","checkout_use_storefront_logo":true,"checkout_logo_image":"shopify:\/\/shop_images\/Pink-checkout-banner_b29603d6-0bf0-4e3f-9d5e-c2a7b6b6a6d8.jpg","checkout_logo_position":"left","checkout_logo_size":"medium","checkout_body_background_image":"","checkout_body_background_color":"#fff","checkout_input_background_color_mode":"white","checkout_sidebar_background_image":"","checkout_sidebar_background_color":"#ffffff","checkout_heading_font":"Helvetica Neue","checkout_body_font":"Helvetica Neue","checkout_accent_color":"#1990c6","checkout_button_color":"#00c1ff","checkout_error_color":"#ff6d6d","checkout_use_header_image":false,"checkout_logo":"","checkout_use_body_background_image":false,"checkout_use_sidebar_background_image":false,"megamenu_1_column_1_block_2_title":"New Arrivals","megamenu_1_column_1_block_2_menu":"","megamenu_1_column_2_block_2_title":"Best Sellers","megamenu_1_column_2_block_2_menu":"","megamenu_1_column_3_block_2_title":"Hot Deals","megamenu_1_column_3_block_2_menu":"","megamenu_2_number":"6","megamenu_2_number_column":"3","megamenu_2_collection_1":"","megamenu_2_collection_2":"frontpage","megamenu_2_collection_3":"","megamenu_2_collection_4":"","megamenu_2_collection_5":"","megamenu_2_collection_6":"","megamenu_2_collection_7":"","megamenu_2_collection_8":"","megamenu_2_collection_9":"","megamenu_2_collection_10":"","blog_sidebar_products_enable":"1","blog_sidebar_products_title":"Top Seller","blog_sidebar_products_collection":"","blog_sidebar_products_number":"4","related_title":"Related Products","related_col":"4","related_limit":"12","upsell_title":"Upsell Products","upsell_limit":"5","upsell_collection":"","widget_enable_categires_block":"1","widget_categires_block_title":"Categories","brands_enable":"0","widget_enable_catalog":"1","widget_catalog_title":"Shop By","widget_catalog_size_enable":"1","widget_catalog_size_title":"Size","widget_catalog_size_list":"XS, S, M, L, XL","widget_catalog_price_enable":"1","widget_catalog_price_title":"Price","widget_catalog_price_list":"Under €50,€50 - €100,€100 - €200,€200 - €400,Above €400","widget_catalog_color_enable":"1","widget_catalog_color_title":"Color","widget_catalog_color_text_1":"White","widget_catalog_color_1":"#ffffff","widget_catalog_color_text_2":"Silver","widget_catalog_color_2":"#c0c0c0","widget_catalog_color_text_3":"Gray","widget_catalog_color_3":"#808080","widget_catalog_color_text_4":"Black","widget_catalog_color_4":"#000000","widget_catalog_color_text_5":"Red","widget_catalog_color_5":"#ff0000","widget_catalog_color_text_6":"Yellow","widget_catalog_color_6":"#ffff00","widget_catalog_color_text_7":"Green","widget_catalog_color_7":"#008000","widget_catalog_color_text_8":"Blue","widget_catalog_color_8":"#0000ff","widget_catalog_color_text_9":"","widget_catalog_color_9":"","widget_catalog_color_text_10":"","widget_catalog_color_10":"","widget_catalog_color_text_11":"","widget_catalog_color_11":"","widget_catalog_color_text_12":"","widget_catalog_color_12":"","footer_block_1_content":"<h2 class=\"logo-title\">Focus.<\/h2>\r\nLorem ipsum dolor sit consectetur adipiscing elit...","footer_block_4":"our-support","footer_block_5_title":"Product Tags","footer_block_5":"product-tags","footer_payment_logo":true,"show_social_links":true,"image_gallery_1_enable":true,"image_gallery_2_enable":true,"image_gallery_3_enable":true,"image_gallery_4_enable":true,"image_gallery_5_enable":true,"image_gallery_6_enable":true,"image_gallery_7_enable":true,"image_gallery_8_enable":true,"image_gallery_9_enable":true,"image_gallery_10_enable":true,"slide_carousel_1_subheader":"fashion trends","slide_carousel_1_year":"2016","slide_carousel_1_button":"shop","slide_carousel_1_link":"https:\/\/great-store-7.myshopify.com","slide_carousel_2_subheader":"fashion trends","slide_carousel_2_year":"2016","slide_carousel_2_button":"shop now","slide_carousel_2_link":"#","slide_carousel_3_subheader":"fashion trends","slide_carousel_3_year":"2016","slide_carousel_3_button":"shop now","slide_carousel_3_link":"#","slide_carousel_4_subheader":"","slide_carousel_4_year":"2016","slide_carousel_4_button":"","slide_carousel_4_link":"#","slide_carousel_5_subheader":"","slide_carousel_5_year":"2016","slide_carousel_5_button":"","slide_carousel_5_link":"#","ourservice_1_title":"free shipping","ourservice_1_desc":"Delivery world wide","ourservice_2_title":"we support","ourservice_2_desc":"Online store 24\/7","ourservice_3_title":"hotline","ourservice_3_desc":"Phone:  +123.666.888","collection_banner_image_1_url":"","collection_banner_image_2_url":"","collection_banner_image_3_url":"","tab_num":"4","tab_limit":"8","tab_view_all":"View All","tab_title_1":"Women","tab_collection_1":"frontpage","tab_title_2":"Men","tab_collection_2":"men-fashion","tab_title_3":"Accesories","tab_collection_3":"accesories","tab_title_4":"Women","tab_collection_4":"","enable_testimonial_bg":true,"newsletter_bg_color":"#faebc5","sale_products_title":"Sale Products","sale_products_collection":"sale-products","sale_products_number":"4","bestseller_title":"Bestseller Products","bestseller_collection":"bestsellers","bestseller_number":"4","hot_deals_title":"Hot Deals","hot_deals_collection":"hot-deals","hot_deals_number":"2","banner_image_1_enable":true,"banner_image_1_url":"#","banner_image_2_enable":true,"banner_image_2_url":"#","blog_read_more_text":"read more","megamenu_1_column_1_title":"Men Shop","megamenu_1_column_1_menu":"men-shop","megamenu_1_column_2_title":"Women Shop","megamenu_1_column_2_menu":"women-shop","megamenu_1_column_3_title":"Our Support","megamenu_1_column_3_menu":"our-support","megamenu_1_column_4_title":"Accessories","megamenu_1_column_4_menu":"product-tags","megamenu_1_column_5_title":"Mobile","megamenu_1_column_5_menu":"men-shop","megamenu_1_column_6_title":"Sport","megamenu_1_column_6_menu":"women-shop","megamenu_1_image_1_url":"#","megamenu_1_image_2_url":"#","megamenu_2_column_1_title":"Men Shop","megamenu_2_column_1_menu":"men-shop","megamenu_2_column_2_title":"Women Shop","megamenu_2_column_2_menu":"women-shop","megamenu_2_column_3_title":"Our Support","megamenu_2_column_3_menu":"our-support","megamenu_2_image_url":"#","popup_newsletter_description":"We promise we won't write to you often, only for the fun stuff.\r\n\r\nYou'll get first access to :\r\n\r\n    New product releases.\r\n    Sales.","popup_newsletter_socials":true,"popup_newsletter_socials_title":"","blog_sidebar_latest_articles_enable":true,"blog_sidebar_latest_articles_title":"Latest Articles","blog_sidebar_latest_articles_number":"4","blog_sidebar_image_enable":true,"blog_sidebar_image_url":"#","slide_carousel_height":"670","ourservice_1_icon":"fa-truck","ourservice_2_icon":"fa-phone","ourservice_3_icon":"fa-phone-square","ourservice_4_title":"money back","ourservice_4_desc":"not exactly line","ourservice_4_icon":"fa-money","banner_subtitle":"up to <span class=\"text-theme\">30%<\/span>","banner_button_link":"#","image_gallery_11_enable":true,"features_title":"The Features","features_subtitle":"Updated daily with our latest pieces","feature_1_title":"Sliders","feature_1_desc":"Donec at mattis purus, ut accumsan nisl.\r\nLorem ipsum dolor sit amet, consectetur \r\nadipiscing elit. Donec at mattis","feature_1_icon":"fa-film","feature_2_title":"Lightbox","feature_2_desc":"Donec at mattis purus, ut accumsan nisl.\r\nLorem ipsum dolor sit amet, consectetur \r\nadipiscing elit. Donec at mattis","feature_2_icon":"fa-desktop","feature_3_title":"Customer Support","feature_3_desc":"Donec at mattis purus, ut accumsan nisl.\r\nLorem ipsum dolor sit amet, consectetur \r\nadipiscing elit. Donec at mattis","feature_3_icon":"fa-comments-o","feature_4_title":"Clean Design","feature_4_desc":"Donec at mattis purus, ut accumsan nisl.\r\nLorem ipsum dolor sit amet, consectetur \r\nadipiscing elit. Donec at mattis","feature_4_icon":"fa-sun-o","feature_5_title":"Style For Every Budget","feature_5_desc":"Donec at mattis purus, ut accumsan nisl.\r\nLorem ipsum dolor sit amet, consectetur \r\nadipiscing elit. Donec at mattis","feature_5_icon":"fa-yelp","feature_6_title":"Loaded With Power","feature_6_desc":"Donec at mattis purus, ut accumsan nisl.\r\nLorem ipsum dolor sit amet, consectetur \r\nadipiscing elit. Donec at mattis","feature_6_icon":"fa-upload","collection_banner_title":"Recent Works","collection_banner_subtitle":"Updated daily with our latest pieces","collection_banner_categories":"Fashion, Design, Entertainment, Winter","collection_banner_image_1_title":"Project For Summer","collection_banner_image_1_categories":"Fashion, Design","collection_banner_image_1_button":"View now","collection_banner_image_1_button_url":"#","collection_banner_image_2_title":"winter collection","collection_banner_image_2_categories":"Fashion, Winter","collection_banner_image_2_button":"Go to shop","collection_banner_image_2_button_url":"#","collection_banner_image_3_title":"send her your love","collection_banner_image_3_categories":"Design, Entertainment","collection_banner_image_3_button":"Get it now","collection_banner_image_3_button_url":"#","collection_banner_image_4_title":"Bag's Collections","collection_banner_image_4_categories":"Design, Entertainment","collection_banner_image_4_button":"Shop Now","collection_banner_image_4_button_url":"#","collection_banner_image_5_title":"Dress's Collections","collection_banner_image_5_categories":"Design","collection_banner_image_5_button":"Shop Now","collection_banner_image_5_button_url":"#","collection_banner_image_6_title":"Shose's Collections","collection_banner_image_6_categories":"Winter","collection_banner_image_6_button":"Shop Now","collection_banner_image_6_button_url":"#","collection_banner_image_7_title":"Donec at mattis purus","collection_banner_image_7_categories":"Winter, Fashion","collection_banner_image_7_button":"Shop now","collection_banner_image_7_button_url":"#","collection_banner_image_8_title":"Donec at mattis purus","collection_banner_image_8_categories":"Design, Winter","collection_banner_image_8_button":"shop now","collection_banner_image_8_button_url":"#","latest_products_collection":"","latest_products_title":"Latest Products","latest_products_subtitle":"Updated daily with our latest pieces","latest_products_num":"4","latest_products_limit":"8","counter_number_1_title":"Happy Clients","counter_number_1_number":"1000","our_service_1_icon":"fa-user","counter_number_2_title":"Year In Business","counter_number_2_number":"20","our_service_2_icon":"fa-paw","counter_number_3_title":"Cups Of Coffee","counter_number_3_number":"500","our_service_3_icon":"fa-coffee","counter_number_4_title":"High Score","counter_number_4_number":"180","our_service_4_icon":"fa-bar-chart","our_team_subtitle":"Team works","our_team_1_instagram":"#","our_team_2_instagram":"#","our_team_3_instagram":"#","our_team_4_name":"Micheal Doe","our_team_4_job":"Designer","our_team_4_facebook":"#","our_team_4_twitter":"#","our_team_4_linkin":"#","our_team_4_google_plus":"#","our_team_4_instagram":"#","newsletter_desc":"Lorem ipsum dolor sit amet, news consectetur fashion adipiscing elit. Suspendisse consequat orci new sed nibh ultricies, eget <br>sollicitudin quam consectetur. Donec at mattis purus, ut accumsan nisl.","slide_carousel_1_text_1":"fashion for men","slide_carousel_1_text_2":"<span>30%<\/span> off","slide_carousel_1_text_3":"winter collection","slide_carousel_2_text_1":"style for men","slide_carousel_2_text_2":"big sale","slide_carousel_2_text_3":"winter collection","slide_carousel_3_text_1":"fashionfor men","slide_carousel_3_text_2":"30% off","slide_carousel_3_text_3":"winter collection","slide_carousel_4_text_1":"","slide_carousel_4_text_2":"","slide_carousel_4_text_3":"","slide_carousel_5_text_1":"","slide_carousel_5_text_2":"","slide_carousel_5_text_3":"","header_transparent":true,"collection_banner_image_1_subtitle":"men’s fashion","collection_banner_image_2_subtitle":"the biggest","collection_banner_image_3_subtitle":"new design","tab_subtitle":"Updated daily with our latest pieces","banner_image_url":"#","blog_subtitle":"Welcome to our story","brand_grid_item":"6","brand_carousel_1_enable":true,"brand_carousel_1_url":"#","brand_carousel_2_enable":true,"brand_carousel_2_url":"#","brand_carousel_3_enable":true,"brand_carousel_3_url":"#","brand_carousel_4_enable":true,"brand_carousel_4_url":"#","brand_carousel_5_enable":true,"brand_carousel_5_url":"#","brand_carousel_6_enable":false,"brand_carousel_6_url":"#","brand_carousel_7_enable":false,"brand_carousel_7_url":"#","brand_carousel_8_enable":false,"brand_carousel_8_url":"#","brand_carousel_9_enable":false,"brand_carousel_9_url":"#","brand_carousel_10_enable":false,"brand_carousel_10_url":"#","collection_banner_desc":"Lorem ipsum dolor sit amet, consectetur adipisicing elit, do eiusmod tempor incididunt ut labore et dolore magna aliqua. Ut enim adminim veniam, quis nostrud exercitation ullamco laboris nisi ut aliquip  commodo consequat. Duis aute irure dolor in rep rehenderit. Lorem ipsum dolor sit amet, consectetur adipisicing","featured_collection":"featured-products","featured_title":"Featured Products","featured_subtitle":"Updated daily with our latest pieces","featured_num":"4","featured_limit":"8","testimonial_name_5.jpg":"","banner_image_3_url":"#","facebook_width":"260","facebook_height":"300","facebook_page_url":"https:\/\/www.facebook.com\/shopify\/","facebook_color_scheme":"dark","facebook_show_faces":false,"facebook_show_stream":true,"facebook_show_header":false,"twitter_width":"300","twitter_height":"300","twitter_username":"shopify","twitter_limit":"3","twitter_id":"713607785649287168","twitter_border_color":"#a5a0a0","twitter_link_color":"#dc5d5d","twitter_text_color":"#d2b7b7","twitter_name_color":"#0e0c0c","twitter_mail_color":"#260303","twitter_transparent":true,"twitter_show_replies":false,"twitter_show_header":false,"twitter_show_footer":false,"twitter_show_border":false,"twitter_show_scrollbar":false,"footer_block_4_content":"","footer_block_4_enable_newsletter":true,"footer_block_4_newsletter_desc":"Donec at mattis purus, new ut accumsan nisl. Lorem ipsum dolor sit amet, consectetur \r\nadipiscing elit. Donec at mattis purus, ut accumsan nisl. Lorem ipsum dolor sit amet.","footer_block_4_newsletter_form_action":"","banner_image_url_1":"#","banner_image_url_2":"#","banner_image_url_3":"#","banner_image_url_4":"#","product_list_columns":"1","product_list_limit":"3","product_list_title_1":"New Products","product_list_collection_1":"new-products","product_list_title_2":"Featured Products","product_list_collection_2":"featured-products","product_list_title_3":"Best Selling","product_list_collection_3":"best-selling","product_list_banner_url":"#","widget_enable_2":true,"widget_title_2":"Bestseller","widget_collection_2":"best-selling","custom_cms_enable":false,"custom_cms_title":"Custom cms widget","custom_cms_content":"<em>Custom CMS block displayed at the left sidebar on the Catalog Page. Put your own content here: text, html, images, media... whatever you like.<\/em><br><br><em>There are many similar sample content placeholders across the store. All editable from admin panel.<\/em>","product_detail_payment_title":"Payments","contact_map":true,"embed_code":"<iframe src=\"https:\/\/www.google.com\/maps\/embed?pb=!1m18!1m12!1m3!1d3724.0442821314123!2d105.77358971559713!3d21.03091409307919!2m3!1f0!2f0!3f0!3m2!1i1024!2i768!4f13.1!3m3!1m2!1s0x313454b15bca0999%3A0x4a21a3d9b00a7f3b!2zTeG7uSDEkMOsbmggUGxhemEsIFRy4bqnbiBCw6xuaCwgTeG7uSDEkMOsbmggMiwgVOG7qyBMacOqbSwgSMOgIE7hu5lpLCBWaeG7h3QgTmFt!5e0!3m2!1svi!2s!4v1456221362228\" width=\"1170\" height=\"450\" frameborder=\"0\" style=\"border:0\" allowfullscreen><\/iframe>","get_in_touch_title":"PLEASE DO GET IN TOUCH!","get_in_touch_content":"<p>\r\n        We'd love to hear from you - please use the form to send us your message or ideas. Or simply pop in for a cup of fresh tea and a cookie:\r\n    <\/p>\r\n    <p>\r\n        8808 Ave Dermentum, Onsectetur Adipiscing\r\n        <br>\r\n        Tortor Sagittis, CA 880986,\r\n        <br>United States<\/p>\r\n    <p>\r\n        9087S Divamus Faucibus Str.,\r\n        <br>\r\n        City name,\r\n        <br>\r\n        Postal Code,\r\n        <br>\r\n        CA 90896\r\n        <br>United States<\/p>\r\n    <p>\r\n        Email: stores@domain.com\r\n        <br>Toll-free: (1800) 000 8808<\/p>\r\n        <hr>\r\n    <p class=\"open-hours\">\r\n        Opening Hours:\r\n        <br>\r\n        Monday to Saturday: 9am - 10pm\r\n        <br>Sundays: 10am - 6pm<\/p>","footer_block_1_description":"Ut pharetra augue nec augue. Nam elit agna, endrerit sit amet, tincidunt ac, viverra sed, nulla.","footer_block_1_address_info":"<div class=\"media\">\r\n<div class=\"media-left\"><i class=\"fa fa-map-marker\"><\/i><span class=\"hidden\">map<\/span><\/div>\r\n<div class=\"media-body\">815 Lee St<br>\r\nRome, NY 13440, USA.<\/div>\r\n<\/div>\r\n<div class=\"media\">\r\n<div class=\"media-left\"><i class=\"fa fa-shopping-cart\"><\/i><span class=\"hidden\">bag<\/span><\/div>\r\n<div class=\"media-body\">Email: info@domain.com<br>\r\nTel: (+01)- 000 666 999 \/ (+01)- 000 555 222<br>\r\nFax : (+01)- 123 4567 89<\/div>\r\n<\/div>","slide_carousel_1_button_link":"#","slide_carousel_2_button_link":"#","slide_carousel_3_button_link":"#","slide_carousel_4_button_link":"#","slide_carousel_5_button_link":"#","banner_collection_title":"collection","banner_collection_desc":"Lorem Ipsum is simply dummy text of the printing and typesetting industry. Lorem Ipsum has been the industry's standard\r\n<br>\r\ndummy text ever since the 1500s, when an unknown printer took a galley of type and scrambled it to \r\n<br>\r\nmake a type specimen book.","banner_collection_url_1":"#","banner_collection_url_2":"#","banner_collection_url_3":"#","banner_collection_url_4":"#","banner_image_title":"Styles & Fashion","banner_image_content":"We have the largest collection of the latest fashion and lifestyle.","banner_image_button_text":"Read Now","banner_image_button_url":"#","brand_carousel_title":"Our brands","brand_carousel_enable_1":true,"brand_carousel_url_1":"#","brand_carousel_enable_2":true,"brand_carousel_url_2":"#","brand_carousel_enable_3":true,"brand_carousel_url_3":"#","brand_carousel_enable_4":true,"brand_carousel_url_4":"#","brand_carousel_enable_5":true,"brand_carousel_url_5":"#","brand_carousel_enable_6":true,"brand_carousel_url_6":"#","brand_carousel_enable_7":true,"brand_carousel_url_7":"#","brand_carousel_enable_8":true,"brand_carousel_url_8":"#","brand_carousel_enable_9":true,"brand_carousel_url_9":"#","brand_carousel_enable_10":true,"brand_carousel_url_10":"#","widget_catalog_color_text_13":"","widget_catalog_color_text_14":"","widget_catalog_color_text_15":"","widget_catalog_color_text_16":"","widget_catalog_color_text_17":"","widget_catalog_color_text_18":"","widget_catalog_color_text_19":"","widget_catalog_color_text_20":"","product_detail_instagram":"1","banner_collection_text_1":"","banner_collection_text_2":"","banner_collection_text_3":"","banner_collection_text_4":"","footer_social_enable":"1","footer_social_link":"<ul class=\"inline-list\">  \r\n    <li>\r\n        <a href=\"#\"><i class=\"icon icon-youtube\"><\/i><\/a>\r\n    <\/li>\r\n    <li>\r\n        <a href=\"#\"><i class=\"icon icon-google\"><\/i><\/a>\r\n    <\/li>\r\n    <li>\r\n        <a href=\"#\"><i class=\"icon icon-twitter\"><\/i><\/a>\r\n    <\/li>\r\n    <li>\r\n        <a href=\"#\"><i class=\"icon icon-facebook\"><\/i><\/a>\r\n    <\/li>\r\n<\/ul>","banner_image_header":"Styles & Fashion","footer_newsletter_enable":true,"footer_menu_1_title":"Categories","footer_menu_1":"","footer_menu_2_title":"Infomations","footer_menu_2":"footer","footer_menu_3_title":"Account","footer_menu_3":"","footer_contact_title":"Contact","footer_contact_content":"<p><strong style=\"color: #000\">Warehouse & Offices<\/strong>\r\n    <br>12345 Street name, California, USA\r\n    <br>0123 456 789 \/ 0123 456 788<\/p>\r\n<p><strong style=\"color: #000\">Retail Store<\/strong>\r\n    <br>54321 Street name, California, USA\r\n    <br>0123 456 789 \/ 0123 456 788<\/p>","footer_openning_title":"Openning time","footer_openning_content":"<p>\r\n    Monday - Friday...........8.00 to 18.00\r\n    <br>\r\n    Saturday.......................9.00 to 21.00\r\n    <br>Sunday.........................10.00 to 21.00<\/p>\r\n<p><br>\r\n    Call us:\r\n    <br>\r\n    <span style=\"font-size: 24px;color: #000;letter-spacing: 3px;\">0123 456 789<\/span>\r\n<\/p>","slide_carousel_enable_1":true,"slide_carousel_url_1":"#","slide_carousel_enable_2":true,"slide_carousel_url_2":"#","slide_carousel_enable_3":true,"slide_carousel_url_3":"#","slide_carousel_enable_4":false,"slide_carousel_url_4":"#","slide_carousel_enable_5":false,"slide_carousel_url_5":"#","new_arrival_collection":"","new_arrival_title":"New Arrivals","new_arrival_url":"#","new_arrival_num":"4","new_arrival_limit":"8","featured_item_url":"#","bestseller_item_url":"#","bestseller_num":"2","bestseller_limit":"8","custom_html_center":"<div class=\"space-top-50 space-padding-70 border border-8\">\r\n\r\n<div class=\"grid\">\r\n    <div class=\"grid__item large--two-thirds medium--two-thirds\">\r\n        <h2 class=\"section-header text-left\">Our story<\/h2>\r\n        <br>\r\n        <p>There's never been a better time for men to like clothes. But along with the rich variety of labels, styles, and stores speaking to guys of all shapes and sizes comes increased competition. In that crowded landscape, even the most storied brands have to find.\r\n        channelling history while looking towards the future.<\/p>\r\n        <br><span style=\"font-style: italic;\">by Komol Kuchkarov<\/span>\r\n    <\/div>\r\n\r\n    <div class=\"grid__item large--one-third medium--one-third\">\r\n        <img src=\"\/\/cdn.shopify.com\/s\/files\/1\/1170\/8098\/t\/2\/assets\/b5.png\" alt=\"banner\">\r\n    <\/div>\r\n<\/div>\r\n\r\n<\/div>","custom_html_bottom":"","custom_html_top":"<div class=\"grid\">\r\n    <div class=\"grid__item large--two-thirds medium--two-thirds\">\r\n        <a href=\"#\" class=\"effect-v3 space-20\" title=\"banner\"><img src=\"\/\/cdn.shopify.com\/s\/files\/1\/1170\/8098\/t\/2\/assets\/b1.jpg\" alt=\"\" class=\"img-responsive\"><\/a>\r\n        <div class=\"grid\">\r\n        <div class=\"grid__item large--one-half medium--one-half\">\r\n            <a href=\"#\" class=\"effect-v3\" title=\"banner\"><img src=\"\/\/cdn.shopify.com\/s\/files\/1\/1170\/8098\/t\/2\/assets\/b2.jpg\" alt=\"\" class=\"img-responsive\"><\/a>\r\n        <\/div>\r\n        <div class=\"grid__item large--one-half medium--one-half\">\r\n            <a href=\"#\" class=\"effect-v3\" title=\"banner\"><img src=\"\/\/cdn.shopify.com\/s\/files\/1\/1170\/8098\/t\/2\/assets\/b3.jpg\" alt=\"\" class=\"img-responsive\"><\/a>\r\n        <\/div>\r\n        <\/div>\r\n    <\/div>\r\n    <div class=\"grid__item large--one-third medium--one-third\">\r\n        <a href=\"#\" class=\"effect-v3\" title=\"banner\"><img src=\"\/\/cdn.shopify.com\/s\/files\/1\/1170\/8098\/t\/2\/assets\/b4.jpg\" alt=\"\" class=\"img-responsive\"><\/a>\r\n    <\/div>\r\n<\/div>","social_facebook_link":"","social_twitter_link":"","content_for_index":[]},"presets":{"Default":{"ajax_cart_method":"drawer","cart_notes_enable":true,"color_body_bg":"#fff","color_body_text":"#333333","color_borders":"#e5e5e5","color_footer_bg":"#f2f2f2","color_footer_social_link":"#bbbbbb","color_footer_text":"#636363","color_primary":"#747474","color_secondary":"#bbb","favicon_enable":false,"footer_newsletter_enable":true,"footer_social_enable":true,"logo_use_image":false,"social_facebook_link":"","social_twitter_link":""}}}