[{"name":"Colors","settings":[{"type":"paragraph","content":"Use class=\"color\" on a an input tag to bring up the color picker. Only a few colors have been included here as an example."},{"type":"header","content":"General colors"},{"type":"color","id":"color_default","label":"Default","default":"#df6a53","info":"Used for text links hover, and hover buttons"},{"type":"color","id":"color_primary","label":"Primary","default":"#204a80","info":"Used for text links, and primary buttons"},{"type":"color","id":"color_secondary","label":"Secondary","default":"#dcdcdc","info":"Used for secondary buttons"},{"type":"color","id":"color_borders","label":"Borders","default":"#e5e5e5"},{"type":"header","content":"Body"},{"type":"color","id":"color_body_bg","label":"Background","default":"#ffffff"},{"type":"color","id":"color_heading_text","label":"Heading","default":"#000000"},{"type":"color","id":"color_body_text","label":"Text","default":"#333333"},{"type":"header","content":"TopBar"},{"type":"color","id":"color_topbar_bg","label":"Background","default":"#fff"},{"type":"color","id":"color_topbar_text","label":"Text","default":"#000"},{"type":"color","id":"color_footer_social_link","label":"Social media icons","default":"#bbbbbb"},{"type":"header","content":"Menu"},{"type":"color","id":"color_nav_bg","label":"Background Nav","default":"#fff"},{"type":"color","id":"color_nav_text","label":"Text Nav","default":"#000"},{"type":"color","id":"color_sub_nav_bg","label":"Background Sub Nav","default":"#fff"},{"type":"color","id":"color_sub_nav_text","label":"Text Sub Nav","default":"#000"},{"type":"header","content":"Footer"},{"type":"color","id":"color_footer_bg","label":"Background","default":"#f2f2f2"},{"type":"color","id":"color_footer_title_text","label":"Title color","default":"#000"},{"type":"color","id":"color_footer_text","label":"Text","default":"#636363"}]},{"name":"Header","settings":[{"type":"header","content":"Header Type"},{"type":"select","id":"header_type","label":"Header Type","default":"header1","info":"Choose a header type","options":[{"value":"header1","label":"Header 1"},{"value":"header2","label":"Header 2"}]},{"type":"checkbox","id":"header_sticky","label":"Header Sticky"},{"type":"header","content":"Logo"},{"type":"checkbox","id":"logo_use_image","label":"Use custom logo"},{"type":"image","id":"logo.png","label":"Custom logo","max-width":450,"max-height":200,"info":"Maximum logo dimensions are 450px wide by 200px high. The uploaded file will be resized to fit within those constraints."},{"type":"text","id":"logo_max_width","label":"Max logo width","default":"450","info":"Defined in pixels. Do not add the 'px' unit."},{"type":"header","content":"Favicon"},{"type":"checkbox","id":"favicon_enable","label":"Use custom icon"},{"type":"image","id":"favicon.png","label":"16 x 16px png","max-width":16,"max-height":16},{"type":"header","content":"Currency"},{"type":"checkbox","id":"currency_enable","label":"Enable Currency"},{"type":"text","id":"supported_currencies","label":"Currencies you wish to support","default":"USD EUR GBP"}]},{"name":"Mega Menu","settings":[{"type":"header","content":"Mega Menu 1"},{"type":"text","id":"megamenu_1_parent","label":"Parent name of dropdow menu"},{"type":"header","content":"Column 1"},{"type":"text","id":"megamenu_1_column_1_block_1_title","label":"Block 1 Title"},{"type":"link_list","id":"megamenu_1_column_1_block_1_menu","label":"Block 1 Menu"},{"type":"header","content":"Column 2"},{"type":"text","id":"megamenu_1_column_2_block_1_title","label":"Block 1 Title"},{"type":"link_list","id":"megamenu_1_column_2_block_1_menu","label":"Block 1 Menu"},{"type":"header","content":"Column 3"},{"type":"text","id":"megamenu_1_column_3_block_1_title","label":"Block 2 Title"},{"type":"link_list","id":"megamenu_1_column_3_block_1_menu","label":"Block 2 Menu"},{"type":"header","content":"Column 4"},{"type":"image","id":"megamenu_1_column_4_image.jpg","label":"Image"},{"type":"text","id":"megamenu_1_column_4_image_url","label":"URL Image"},{"type":"text","id":"megamenu_2_parent","label":"Parent name of dropdow menu"},{"type":"header","content":"Column 1"},{"type":"text","id":"megamenu_2_column_1_block_1_title","label":"Block 1 Title"},{"type":"link_list","id":"megamenu_2_column_1_block_1_menu","label":"Block 1 Menu"},{"type":"header","content":"Column 2"},{"type":"text","id":"megamenu_2_column_2_block_1_title","label":"Block 1 Title"},{"type":"link_list","id":"megamenu_2_column_2_block_1_menu","label":"Block 1 Menu"},{"type":"header","content":"Column 3"},{"type":"text","id":"megamenu_2_column_3_block_1_title","label":"Block 2 Title"},{"type":"link_list","id":"megamenu_2_column_3_block_1_menu","label":"Block 2 Menu"},{"type":"header","content":"Column 4"},{"type":"image","id":"megamenu_2_column_4_image.jpg","label":"Image"},{"type":"text","id":"megamenu_2_column_4_image_url","label":"URL Image"}]},{"name":"Footer","settings":[{"type":"header","content":"Footer block 1"},{"type":"text","id":"footer_block_1_title","label":"Title"},{"type":"textarea","id":"footer_block_1_address","label":"Custom Html Address"},{"type":"textarea","id":"footer_block_1_emails","label":"Custom Html Email"},{"type":"textarea","id":"footer_block_1_phone","label":"Custom Html Phone"},{"type":"header","content":"Footer block 2"},{"type":"text","id":"footer_block_2_title","label":"Title"},{"type":"link_list","id":"footer_block_2","label":"Menu"},{"type":"header","content":"Footer block 3"},{"type":"text","id":"footer_block_3_title","label":"Title"},{"type":"link_list","id":"footer_block_3","label":"Menu"},{"type":"header","content":"Footer block 4 (Contact us)"},{"type":"text","id":"footer_block_4_title","label":"Title","default":"Get In Touch"},{"type":"header","content":"Copyright"},{"type":"textarea","id":"copyright","label":"Copyright"},{"type":"header","content":"Copyright Menu"},{"type":"link_list","id":"copyright_menu","label":"Menu"}]},{"name":"Cart page","settings":[{"type":"checkbox","id":"cart_notes_enable","label":"Enable cart notes"},{"type":"checkbox","id":"cart_vendor_enable","label":"Show product vendor"},{"type":"select","id":"ajax_cart_method","label":"Cart type","options":[{"value":"drawer","label":"Drawer"},{"value":"page","label":"Page"}]}]},{"name":"Breadcrumb","settings":[{"type":"image","id":"breadcrumb_image.jpg","label":"Breadcrumb background"}]},{"name":"Social media","settings":[{"type":"text","id":"twittercard_handle","label":"Twitter handle","info":"Example: @shopify"}]},{"name":"Social links","settings":[{"type":"text","id":"social_link_facebook","label":"Facebook","info":"Enter facebook link"},{"type":"text","id":"social_link_twitter","label":"Twitter","info":"Enter twitter link"},{"type":"text","id":"social_link_google_plus","label":"Google plus","info":"Enter Google plus link"},{"type":"text","id":"social_link_skype","label":"Skype","info":"Enter skype link"},{"type":"text","id":"social_link_pinterest","label":"Pinterest","info":"Enter pinterest link"},{"type":"text","id":"social_link_instagram","label":"Instagram","info":"Enter instagram link"}]},{"name":"Position in homepage","settings":[{"type":"header","content":"Position Section"},{"type":"paragraph","content":"Choose your home page sections and their order."},{"type":"select","id":"home_section_1","label":"Section 1","options":[{"value":"","label":"None"},{"value":"section-slider","label":"Slider"},{"value":"section-introduction","label":"Home Introduction 1"},{"value":"section-introduction2","label":"Home Introduction 2"},{"value":"section-introduction3","label":"Home Introduction 3"},{"value":"section-introduction4","label":"Home Introduction 4"},{"value":"section-introduction5","label":"Home Introduction 5"},{"value":"section-camera","label":"Home Camera"},{"value":"section-features","label":"Home Features"},{"value":"section-banner","label":"Banner"},{"value":"section-products","label":"Products"},{"value":"section-ourteam","label":"Our Team"},{"value":"section-image-gallery","label":"Image Gallery"},{"value":"section-testimonial","label":"Testimonial"},{"value":"section-gallery-video","label":"Image Gallery + Video"},{"value":"section-blog","label":"Latest Blog"}]},{"type":"checkbox","id":"home_section_full_1","label":"Full Screen Section 1"},{"type":"select","id":"home_section_2","label":"Section 2","options":[{"value":"","label":"None"},{"value":"section-slider","label":"Slider"},{"value":"section-introduction","label":"Home Introduction 1"},{"value":"section-introduction2","label":"Home Introduction 2"},{"value":"section-introduction3","label":"Home Introduction 3"},{"value":"section-introduction4","label":"Home Introduction 4"},{"value":"section-introduction5","label":"Home Introduction 5"},{"value":"section-camera","label":"Home Camera"},{"value":"section-features","label":"Home Features"},{"value":"section-banner","label":"Banner"},{"value":"section-products","label":"Products"},{"value":"section-ourteam","label":"Our Team"},{"value":"section-image-gallery","label":"Image Gallery"},{"value":"section-testimonial","label":"Testimonial"},{"value":"section-gallery-video","label":"Image Gallery + Video"},{"value":"section-blog","label":"Latest Blog"}]},{"type":"checkbox","id":"home_section_full_2","label":"Full Screen Section 2"},{"type":"select","id":"home_section_3","label":"Section 3","options":[{"value":"","label":"None"},{"value":"section-slider","label":"Slider"},{"value":"section-introduction","label":"Home Introduction 1"},{"value":"section-introduction2","label":"Home Introduction 2"},{"value":"section-introduction3","label":"Home Introduction 3"},{"value":"section-introduction4","label":"Home Introduction 4"},{"value":"section-introduction5","label":"Home Introduction 5"},{"value":"section-camera","label":"Home Camera"},{"value":"section-features","label":"Home Features"},{"value":"section-banner","label":"Banner"},{"value":"section-products","label":"Products"},{"value":"section-ourteam","label":"Our Team"},{"value":"section-image-gallery","label":"Image Gallery"},{"value":"section-testimonial","label":"Testimonial"},{"value":"section-gallery-video","label":"Image Gallery + Video"},{"value":"section-blog","label":"Latest Blog"}]},{"type":"checkbox","id":"home_section_full_3","label":"Full Screen Section 3"},{"type":"select","id":"home_section_4","label":"Section 4","options":[{"value":"","label":"None"},{"value":"section-slider","label":"Slider"},{"value":"section-introduction","label":"Home Introduction 1"},{"value":"section-introduction2","label":"Home Introduction 2"},{"value":"section-introduction3","label":"Home Introduction 3"},{"value":"section-introduction4","label":"Home Introduction 4"},{"value":"section-introduction5","label":"Home Introduction 5"},{"value":"section-camera","label":"Home Camera"},{"value":"section-features","label":"Home Features"},{"value":"section-banner","label":"Banner"},{"value":"section-products","label":"Products"},{"value":"section-ourteam","label":"Our Team"},{"value":"section-image-gallery","label":"Image Gallery"},{"value":"section-testimonial","label":"Testimonial"},{"value":"section-gallery-video","label":"Image Gallery + Video"},{"value":"section-blog","label":"Latest Blog"}]},{"type":"checkbox","id":"home_section_full_4","label":"Full Screen Section 4"},{"type":"select","id":"home_section_5","label":"Section 5","options":[{"value":"","label":"None"},{"value":"section-slider","label":"Slider"},{"value":"section-introduction","label":"Home Introduction 1"},{"value":"section-introduction2","label":"Home Introduction 2"},{"value":"section-introduction3","label":"Home Introduction 3"},{"value":"section-introduction4","label":"Home Introduction 4"},{"value":"section-introduction5","label":"Home Introduction 5"},{"value":"section-camera","label":"Home Camera"},{"value":"section-features","label":"Home Features"},{"value":"section-banner","label":"Banner"},{"value":"section-products","label":"Products"},{"value":"section-ourteam","label":"Our Team"},{"value":"section-image-gallery","label":"Image Gallery"},{"value":"section-testimonial","label":"Testimonial"},{"value":"section-gallery-video","label":"Image Gallery + Video"},{"value":"section-blog","label":"Latest Blog"}]},{"type":"checkbox","id":"home_section_full_5","label":"Full Screen Section 5"},{"type":"select","id":"home_section_6","label":"Section 6","options":[{"value":"","label":"None"},{"value":"section-slider","label":"Slider"},{"value":"section-introduction","label":"Home Introduction 1"},{"value":"section-introduction2","label":"Home Introduction 2"},{"value":"section-introduction3","label":"Home Introduction 3"},{"value":"section-introduction4","label":"Home Introduction 4"},{"value":"section-introduction5","label":"Home Introduction 5"},{"value":"section-camera","label":"Home Camera"},{"value":"section-features","label":"Home Features"},{"value":"section-banner","label":"Banner"},{"value":"section-products","label":"Products"},{"value":"section-ourteam","label":"Our Team"},{"value":"section-image-gallery","label":"Image Gallery"},{"value":"section-testimonial","label":"Testimonial"},{"value":"section-gallery-video","label":"Image Gallery + Video"},{"value":"section-blog","label":"Latest Blog"}]},{"type":"checkbox","id":"home_section_full_6","label":"Full Screen Section 6"},{"type":"select","id":"home_section_7","label":"Section 7","options":[{"value":"","label":"None"},{"value":"section-slider","label":"Slider"},{"value":"section-introduction","label":"Home Introduction 1"},{"value":"section-introduction2","label":"Home Introduction 2"},{"value":"section-introduction3","label":"Home Introduction 3"},{"value":"section-introduction4","label":"Home Introduction 4"},{"value":"section-introduction5","label":"Home Introduction 5"},{"value":"section-camera","label":"Home Camera"},{"value":"section-features","label":"Home Features"},{"value":"section-banner","label":"Banner"},{"value":"section-products","label":"Products"},{"value":"section-ourteam","label":"Our Team"},{"value":"section-image-gallery","label":"Image Gallery"},{"value":"section-testimonial","label":"Testimonial"},{"value":"section-gallery-video","label":"Image Gallery + Video"},{"value":"section-blog","label":"Latest Blog"}]},{"type":"checkbox","id":"home_section_full_7","label":"Full Screen Section 7"},{"type":"select","id":"home_section_8","label":"Section 8","options":[{"value":"","label":"None"},{"value":"section-slider","label":"Slider"},{"value":"section-introduction","label":"Home Introduction 1"},{"value":"section-introduction2","label":"Home Introduction 2"},{"value":"section-introduction3","label":"Home Introduction 3"},{"value":"section-introduction4","label":"Home Introduction 4"},{"value":"section-introduction5","label":"Home Introduction 5"},{"value":"section-camera","label":"Home Camera"},{"value":"section-features","label":"Home Features"},{"value":"section-banner","label":"Banner"},{"value":"section-products","label":"Products"},{"value":"section-ourteam","label":"Our Team"},{"value":"section-image-gallery","label":"Image Gallery"},{"value":"section-testimonial","label":"Testimonial"},{"value":"section-gallery-video","label":"Image Gallery + Video"},{"value":"section-blog","label":"Latest Blog"}]},{"type":"checkbox","id":"home_section_full_8","label":"Full Screen Section 8"},{"type":"select","id":"home_section_9","label":"Section 9","options":[{"value":"","label":"None"},{"value":"section-slider","label":"Slider"},{"value":"section-introduction","label":"Home Introduction 1"},{"value":"section-introduction2","label":"Home Introduction 2"},{"value":"section-introduction3","label":"Home Introduction 3"},{"value":"section-introduction4","label":"Home Introduction 4"},{"value":"section-introduction5","label":"Home Introduction 5"},{"value":"section-camera","label":"Home Camera"},{"value":"section-features","label":"Home Features"},{"value":"section-banner","label":"Banner"},{"value":"section-products","label":"Products"},{"value":"section-ourteam","label":"Our Team"},{"value":"section-image-gallery","label":"Image Gallery"},{"value":"section-testimonial","label":"Testimonial"},{"value":"section-gallery-video","label":"Image Gallery + Video"},{"value":"section-blog","label":"Latest Blog"}]},{"type":"checkbox","id":"home_section_full_9","label":"Full Screen Section 9"},{"type":"select","id":"home_section_10","label":"Section 10","options":[{"value":"","label":"None"},{"value":"section-slider","label":"Slider"},{"value":"section-introduction","label":"Home Introduction 1"},{"value":"section-introduction2","label":"Home Introduction 2"},{"value":"section-introduction3","label":"Home Introduction 3"},{"value":"section-introduction4","label":"Home Introduction 4"},{"value":"section-introduction5","label":"Home Introduction 5"},{"value":"section-camera","label":"Home Camera"},{"value":"section-features","label":"Home Features"},{"value":"section-banner","label":"Banner"},{"value":"section-products","label":"Products"},{"value":"section-ourteam","label":"Our Team"},{"value":"section-image-gallery","label":"Image Gallery"},{"value":"section-testimonial","label":"Testimonial"},{"value":"section-gallery-video","label":"Image Gallery + Video"},{"value":"section-blog","label":"Latest Blog"}]},{"type":"checkbox","id":"home_section_full_10","label":"Full Screen Section 10"},{"type":"select","id":"home_section_11","label":"Section 11","options":[{"value":"","label":"None"},{"value":"section-slider","label":"Slider"},{"value":"section-introduction","label":"Home Introduction 1"},{"value":"section-introduction2","label":"Home Introduction 2"},{"value":"section-introduction3","label":"Home Introduction 3"},{"value":"section-introduction4","label":"Home Introduction 4"},{"value":"section-introduction5","label":"Home Introduction 5"},{"value":"section-camera","label":"Home Camera"},{"value":"section-features","label":"Home Features"},{"value":"section-banner","label":"Banner"},{"value":"section-products","label":"Products"},{"value":"section-ourteam","label":"Our Team"},{"value":"section-image-gallery","label":"Image Gallery"},{"value":"section-testimonial","label":"Testimonial"},{"value":"section-gallery-video","label":"Image Gallery + Video"},{"value":"section-blog","label":"Latest Blog"}]},{"type":"checkbox","id":"home_section_full_11","label":"Full Screen Section 11"},{"type":"text","id":"margin-top-section","label":"Margin Top Section","default":"40","info":"ex: 10, 15, 20, 25..."},{"type":"text","id":"margin-bottom-section","label":"Margin Bottom Section","default":"40","info":"ex: 10, 15, 20, 25..."}]},{"name":"Home page - Slider","settings":[{"type":"checkbox","id":"slide_carousel_autoplay","label":"Auto Play"},{"type":"text","id":"slide_carousel_interval","label":"Interval","default":"8000","info":"ex: false, 3000, 5000..."},{"type":"header","content":"Slider Image 1"},{"type":"checkbox","id":"slide_carousel_1_enable","label":"Enable item 1"},{"type":"image","id":"slide_carousel_1_image.png","label":"Image"},{"type":"image","id":"slide_carousel_1_image_thumb.png","label":"Thumb Image"},{"type":"text","id":"slide_carousel_1_header","label":"Header text"},{"type":"text","id":"slide_carousel_1_button_1","label":"Button text 1"},{"type":"text","id":"slide_carousel_1_link_1","label":"Button Link 1","default":"#"},{"type":"text","id":"slide_carousel_1_button_2","label":"Button text 2"},{"type":"text","id":"slide_carousel_1_link_2","label":"Button Link 2","default":"#"},{"type":"select","id":"slide_carousel_1_style","label":"Caption Style","options":[{"value":"text-center","label":"Center"},{"value":"text-left","label":"Left"},{"value":"text-right","label":"Right"}]},{"type":"header","content":"Slider Image 2"},{"type":"checkbox","id":"slide_carousel_2_enable","label":"Enable item 2"},{"type":"image","id":"slide_carousel_2_image.png","label":"Image"},{"type":"image","id":"slide_carousel_2_image_thumb.png","label":"Thumb Image"},{"type":"text","id":"slide_carousel_2_header","label":"Header text"},{"type":"text","id":"slide_carousel_2_button_1","label":"Button text 1"},{"type":"text","id":"slide_carousel_2_link_1","label":"Button Link 1","default":"#"},{"type":"text","id":"slide_carousel_2_button_2","label":"Button text 2"},{"type":"text","id":"slide_carousel_2_link_2","label":"Button Link 2","default":"#"},{"type":"select","id":"slide_carousel_2_style","label":"Caption Style","options":[{"value":"text-center","label":"Center"},{"value":"text-left","label":"Left"},{"value":"text-right","label":"Right"}]},{"type":"header","content":"Slider Image 3"},{"type":"checkbox","id":"slide_carousel_3_enable","label":"Enable item 3"},{"type":"image","id":"slide_carousel_3_image.png","label":"Image"},{"type":"image","id":"slide_carousel_3_image_thumb.png","label":"Thumb Image"},{"type":"text","id":"slide_carousel_3_header","label":"Header text"},{"type":"text","id":"slide_carousel_3_button_1","label":"Button text 1"},{"type":"text","id":"slide_carousel_3_link_1","label":"Button Link 1","default":"#"},{"type":"text","id":"slide_carousel_3_button_2","label":"Button text 2"},{"type":"text","id":"slide_carousel_3_link_2","label":"Button Link 2","default":"#"},{"type":"select","id":"slide_carousel_3_style","label":"Caption Style","options":[{"value":"text-center","label":"Center"},{"value":"text-left","label":"Left"},{"value":"text-right","label":"Right"}]},{"type":"header","content":"Slider Image 4"},{"type":"checkbox","id":"slide_carousel_4_enable","label":"Enable item 4"},{"type":"image","id":"slide_carousel_4_image.png","label":"Image"},{"type":"image","id":"slide_carousel_4_image_thumb.png","label":"Thumb Image"},{"type":"text","id":"slide_carousel_4_header","label":"Header text"},{"type":"text","id":"slide_carousel_4_button_1","label":"Button text 1"},{"type":"text","id":"slide_carousel_4_link_1","label":"Button Link 1","default":"#"},{"type":"text","id":"slide_carousel_4_button_2","label":"Button text 2"},{"type":"text","id":"slide_carousel_4_link_2","label":"Button Link 2","default":"#"},{"type":"select","id":"slide_carousel_4_style","label":"Caption Style","options":[{"value":"text-center","label":"Center"},{"value":"text-left","label":"Left"},{"value":"text-right","label":"Right"}]},{"type":"header","content":"Slider Image 5"},{"type":"checkbox","id":"slide_carousel_5_enable","label":"Enable item 1"},{"type":"image","id":"slide_carousel_5_image.png","label":"Image"},{"type":"image","id":"slide_carousel_5_image_thumb.png","label":"Thumb Image"},{"type":"text","id":"slide_carousel_5_header","label":"Header text 1"},{"type":"text","id":"slide_carousel_5_button_1","label":"Button text 1"},{"type":"text","id":"slide_carousel_5_link_1","label":"Button Link","default":"#"},{"type":"text","id":"slide_carousel_5_button_2","label":"Button text 2"},{"type":"text","id":"slide_carousel_5_link_2","label":"Button Link 2","default":"#"},{"type":"select","id":"slide_carousel_5_style","label":"Caption Style","options":[{"value":"text-center","label":"Center"},{"value":"text-left","label":"Left"},{"value":"text-right","label":"Right"}]}]},{"name":"Home page - Introduction 1","settings":[{"type":"text","id":"introduction_title","label":"Title","default":"Introduction"},{"type":"checkbox","id":"introduction_image_enable","label":"Enable Image"},{"type":"image","id":"introduction_image.jpg","label":"Image"},{"type":"text","id":"introduction_subtitle","label":"Sub Title"},{"type":"textarea","id":"introduction_description","label":"Description"},{"type":"text","id":"introduction_button","label":"Button Text","default":"Contact us"},{"type":"text","id":"introduction_button_url","label":"Button Url","default":"#"}]},{"name":"Home page - Introduction 2","settings":[{"type":"text","id":"introduction_title2","label":"Title","default":"Introduction"},{"type":"checkbox","id":"introduction_image_enable2","label":"Enable Image"},{"type":"image","id":"introduction_image2.jpg","label":"Image"},{"type":"text","id":"introduction_subtitle2","label":"Sub Title"},{"type":"textarea","id":"introduction_description2","label":"Description"},{"type":"text","id":"introduction_button2","label":"Button Text","default":"Contact us"},{"type":"text","id":"introduction_button_url2","label":"Button Url","default":"#"}]},{"name":"Home page - Introduction 3","settings":[{"type":"text","id":"introduction_title3","label":"Title","default":"Introduction"},{"type":"checkbox","id":"introduction_image_enable3","label":"Enable Image"},{"type":"image","id":"introduction_image3.jpg","label":"Image"},{"type":"text","id":"introduction_subtitle3","label":"Sub Title"},{"type":"textarea","id":"introduction_description3","label":"Description"},{"type":"text","id":"introduction_button3","label":"Button Text","default":"Contact us"},{"type":"text","id":"introduction_button_url3","label":"Button Url","default":"#"}]},{"name":"Home page - Introduction 4","settings":[{"type":"text","id":"introduction_title4","label":"Title","default":"Introduction"},{"type":"checkbox","id":"introduction_image_enable4","label":"Enable Image"},{"type":"image","id":"introduction_image4.jpg","label":"Image"},{"type":"text","id":"introduction_subtitle4","label":"Sub Title"},{"type":"textarea","id":"introduction_description4","label":"Description"},{"type":"text","id":"introduction_button4","label":"Button Text","default":"Contact us"},{"type":"text","id":"introduction_button_url4","label":"Button Url","default":"#"}]},{"name":"Home page - Introduction 5","settings":[{"type":"text","id":"introduction_title5","label":"Title","default":"Introduction"},{"type":"checkbox","id":"introduction_image_enable5","label":"Enable Image"},{"type":"image","id":"introduction_image5.jpg","label":"Image"},{"type":"text","id":"introduction_subtitle5","label":"Sub Title"},{"type":"textarea","id":"introduction_description5","label":"Description"},{"type":"text","id":"introduction_button5","label":"Button Text","default":"Contact us"},{"type":"text","id":"introduction_button_url5","label":"Button Url","default":"#"}]},{"name":"Home page - Camera","settings":[{"type":"text","id":"camera_title","label":"Title","default":"Camera"},{"type":"checkbox","id":"camera_image_enable","label":"Enable Image"},{"type":"image","id":"camera_image.png","label":"Image"},{"type":"checkbox","id":"camera_bg_enable","label":"Enable Background Image"},{"type":"image","id":"camera_bg.jpg","label":"Backgound Image"},{"type":"textarea","id":"camera_description","label":"Description"},{"type":"checkbox","id":"camera_image_1_enable","label":"Image 1"},{"type":"image","id":"camera_image_1.png","label":"Image 1"},{"type":"checkbox","id":"camera_image_2_enable","label":"Image 2"},{"type":"image","id":"camera_image_2.png","label":"Image 2"}]},{"name":"Home page - Features","settings":[{"type":"header","content":"Features Settings"},{"type":"checkbox","id":"features_image_enable","label":"Enable Image"},{"type":"image","id":"features_image.jpg","label":"Features image"}]},{"name":"Home page - Products","settings":[{"type":"text","id":"products_title","label":"Title","default":"Drone Products"},{"type":"collection","id":"products_collection","label":"Select collection"},{"type":"text","id":"products_number","label":"Number products"},{"type":"text","id":"products_number_column","label":"Number Columns","default":"4"}]},{"name":"Home page - Banner","settings":[{"type":"checkbox","id":"banner_image_enable","label":"Enable Image"},{"type":"image","id":"banner_image.jpg","label":"Banner image"},{"type":"text","id":"banner_title","label":"Title"},{"type":"textarea","id":"banner_description","label":"Description"},{"type":"text","id":"banner_button","label":"Button text"},{"type":"text","id":"banner_button_url","label":"Button Url"}]},{"name":"Home page - Our Team","settings":[{"type":"text","id":"our_team_title","label":"Title"},{"type":"checkbox","id":"ourteam_icon_enable","label":"Enable Icon"},{"type":"image","id":"ourteam_icon.png","label":"icon"},{"type":"header","content":"Member 1"},{"type":"image","id":"our_team_1_image.jpg","label":"Image Avatar"},{"type":"text","id":"our_team_1_name","label":"Name"},{"type":"text","id":"our_team_1_job","label":"Job"},{"type":"text","id":"our_team_1_facebook","label":"Facebook link"},{"type":"text","id":"our_team_1_twitter","label":"Twitter link"},{"type":"text","id":"our_team_1_google_plus","label":"Google plus link"},{"type":"text","id":"our_team_1_linkin","label":"Linkin link"},{"type":"header","content":"Member 2"},{"type":"image","id":"our_team_2_image.jpg","label":"Image Avatar"},{"type":"text","id":"our_team_2_name","label":"Name"},{"type":"text","id":"our_team_2_job","label":"Job"},{"type":"text","id":"our_team_2_facebook","label":"Facebook link"},{"type":"text","id":"our_team_2_twitter","label":"Twitter link"},{"type":"text","id":"our_team_2_google_plus","label":"Google plus link"},{"type":"text","id":"our_team_2_linkin","label":"Linkin link"},{"type":"header","content":"Member 3"},{"type":"image","id":"our_team_3_image.jpg","label":"Image Avatar"},{"type":"text","id":"our_team_3_name","label":"Name"},{"type":"text","id":"our_team_3_job","label":"Job"},{"type":"text","id":"our_team_3_facebook","label":"Facebook link"},{"type":"text","id":"our_team_3_twitter","label":"Twitter link"},{"type":"text","id":"our_team_3_google_plus","label":"Google plus link"},{"type":"text","id":"our_team_3_linkin","label":"Linkin link"}]},{"name":"Home page - Gallery Images","settings":[{"type":"checkbox","id":"gallery_image_1_enable","label":"Enable Image 1"},{"type":"image","id":"gallery_image_1.jpg","label":"Image 1"},{"type":"checkbox","id":"gallery_image_2_enable","label":"Enable Image 2"},{"type":"image","id":"gallery_image_2.jpg","label":"Image 2"},{"type":"checkbox","id":"gallery_image_3_enable","label":"Enable Image 3"},{"type":"image","id":"gallery_image_3.jpg","label":"Image 3"},{"type":"checkbox","id":"gallery_image_4_enable","label":"Enable Image 4"},{"type":"image","id":"gallery_image_4.jpg","label":"Image 4"},{"type":"checkbox","id":"gallery_image_5_enable","label":"Enable Image 5"},{"type":"image","id":"gallery_image_5.jpg","label":"Image 5"},{"type":"checkbox","id":"gallery_image_6_enable","label":"Enable Image 6"},{"type":"image","id":"gallery_image_6.jpg","label":"Image 6"},{"type":"checkbox","id":"gallery_image_7_enable","label":"Enable Image 7"},{"type":"image","id":"gallery_image_7.jpg","label":"Image 7"},{"type":"checkbox","id":"gallery_image_8_enable","label":"Enable Image 8"},{"type":"image","id":"gallery_image_8.jpg","label":"Image 8"}]},{"name":"Home page - Testimonial","settings":[{"type":"header","content":"Settings"},{"type":"text","id":"testimonial_title","label":"Title"},{"type":"header","content":"Item 1"},{"type":"checkbox","id":"testimonial_1","label":"Enable"},{"type":"image","id":"testimonial_img_1.jpg","label":"Author Avatar"},{"type":"text","id":"testimonial_name_1","label":"Name"},{"type":"text","id":"testimonial_job_1","label":"Job"},{"type":"textarea","id":"testimonial_des_1","label":"Description"},{"type":"header","content":"Item 2"},{"type":"checkbox","id":"testimonial_2","label":"Enable"},{"type":"image","id":"testimonial_img_2.jpg","label":"Author Avatar"},{"type":"text","id":"testimonial_name_2","label":"Name"},{"type":"text","id":"testimonial_job_2","label":"Job"},{"type":"textarea","id":"testimonial_des_2","label":"Description"},{"type":"header","content":"Item 3"},{"type":"checkbox","id":"testimonial_3","label":"Enable"},{"type":"image","id":"testimonial_img_3.jpg","label":"Author Avatar"},{"type":"text","id":"testimonial_name_3","label":"Name"},{"type":"text","id":"testimonial_job_3","label":"Job"},{"type":"textarea","id":"testimonial_des_3","label":"Description"},{"type":"header","content":"Item 4"},{"type":"checkbox","id":"testimonial_4","label":"Enable"},{"type":"image","id":"testimonial_img_4.jpg","label":"Author Avatar"},{"type":"text","id":"testimonial_name_4","label":"Name"},{"type":"text","id":"testimonial_job_4","label":"Job"},{"type":"textarea","id":"testimonial_des_4","label":"Description"},{"type":"header","content":"Item 5"},{"type":"checkbox","id":"testimonial_5","label":"Enable"},{"type":"image","id":"testimonial_img_5.jpg","label":"Author Avatar"},{"type":"text","id":"testimonial_name_5","label":"Name"},{"type":"text","id":"testimonial_job_5","label":"Job"},{"type":"textarea","id":"testimonial_des_5","label":"Description"},{"type":"header","content":"Item 6"},{"type":"checkbox","id":"testimonial_6","label":"Enable"},{"type":"image","id":"testimonial_img_6.jpg","label":"Author Avatar"},{"type":"text","id":"testimonial_name_6","label":"Name"},{"type":"text","id":"testimonial_job_6","label":"Job"},{"type":"textarea","id":"testimonial_des_6","label":"Description"}]},{"name":"Home page - Gallery And Video","settings":[{"type":"header","content":"Gallery Settings"},{"type":"text","id":"gallery_video_gallery_title","label":"Title"},{"type":"textarea","id":"gallery_video_gallery_description","label":"Description"},{"type":"checkbox","id":"gallery_video_gallery_image_1_enable","label":"Enable Image 1"},{"type":"image","id":"gallery_video_gallery_image_1.jpg","label":"Image 1"},{"type":"checkbox","id":"gallery_video_gallery_image_2_enable","label":"Enable Image 2"},{"type":"image","id":"gallery_video_gallery_image_2.jpg","label":"Image 2"},{"type":"checkbox","id":"gallery_video_gallery_image_3_enable","label":"Enable Image 3"},{"type":"image","id":"gallery_video_gallery_image_3.jpg","label":"Image 3"},{"type":"checkbox","id":"gallery_video_gallery_image_4_enable","label":"Enable Image 4"},{"type":"image","id":"gallery_video_gallery_image_4.jpg","label":"Image 4"},{"type":"checkbox","id":"gallery_video_gallery_image_5_enable","label":"Enable Image 5"},{"type":"image","id":"gallery_video_gallery_image_5.jpg","label":"Image 5"},{"type":"checkbox","id":"gallery_video_gallery_image_6_enable","label":"Enable Image 6"},{"type":"image","id":"gallery_video_gallery_image_6.jpg","label":"Image 6"},{"type":"checkbox","id":"gallery_video_gallery_image_7_enable","label":"Enable Image 7"},{"type":"image","id":"gallery_video_gallery_image_7.jpg","label":"Image 7"},{"type":"checkbox","id":"gallery_video_gallery_image_8_enable","label":"Enable Image 8"},{"type":"image","id":"gallery_video_gallery_image_8.jpg","label":"Image 8"},{"type":"checkbox","id":"gallery_video_gallery_image_9_enable","label":"Enable Image 9"},{"type":"image","id":"gallery_video_gallery_image_9.jpg","label":"Image 9"},{"type":"header","content":"Video Settings"},{"type":"text","id":"gallery_video_video_title","label":"Title"},{"type":"textarea","id":"gallery_video_video_description","label":"Description"},{"type":"image","id":"gallery_video_video_image.jpg","label":"Image"},{"type":"text","id":"gallery_video_video_link","label":"Video Link (Youtube)"}]},{"name":"Home page - Blog","settings":[{"type":"text","id":"blog_title","label":"Title","default":"Latest News & Updates"},{"type":"text","id":"blog_number_item","label":"Number blogs","default":"6"},{"type":"text","id":"blog_number_column","label":"Number columns","default":"3"}]},{"name":"Newsletter","settings":[{"type":"text","id":"newsletter_title","label":"Title"},{"type":"text","id":"newsletter_form_action","label":"MailChimp form action URL","info":"[Where do I find my MailChimp form action URL?](http:\/\/docs.shopify.com\/support\/configuration\/store-customization\/where-do-i-get-my-mailchimp-form-action)"}]},{"name":"Popup Newsletter","settings":[{"type":"checkbox","id":"popup_newsletter_enable","label":"Enable"},{"type":"text","id":"popup_newsletter_title","label":"Title"},{"type":"text","id":"popup_newsletter_subtitle","label":"Sub Title"},{"type":"checkbox","id":"popup_newsletter_image_enable","label":"Enable Background Image"},{"type":"image","id":"popup_newsletter_image.jpg","label":"Background Image"},{"type":"text","id":"popup_newsletter_dont_show_title","label":"Do not show popup Title"}]},{"name":"Collection page","settings":[{"type":"checkbox","id":"collection_show_sidebar","label":"Enable Sidebar"},{"type":"text","id":"nb_column","label":"Grid item","default":"3","info":"ex:2,3,4,5,6"},{"type":"text","id":"nb_per_page","label":"Number Product Per Page","default":"12"}]},{"name":"Product page","settings":[{"type":"header","content":"Settings"},{"type":"checkbox","id":"product_detail_swatch_enable","label":"Swatch enable"},{"type":"header","content":"Social Share"},{"type":"text","id":"product_detail_social_title","label":"Social Share Title"},{"type":"checkbox","id":"product_detail_facebook","label":"Facebook","default":true},{"type":"checkbox","id":"product_detail_twitter","label":"Twitter","default":true},{"type":"checkbox","id":"product_detail_google_plus","label":"Google Plus","default":true},{"type":"checkbox","id":"product_detail_pinterest","label":"Pinterest","default":true},{"type":"header","content":"Product Tabs"},{"type":"checkbox","id":"product_tab_desc_enable","label":"Enable Description Tab","default":true},{"type":"text","id":"product_tab_desc_title","label":"Product Tab Description Title"},{"type":"header","content":"Product Tabs Custom"},{"type":"checkbox","id":"product_tab_custom_1_enable","label":"Product Tab custom 1 Enable","default":true},{"type":"text","id":"product_tab_custom_1_title","label":"Product Tab custom 1 Title"},{"type":"textarea","id":"product_tab_custom_1_content","label":"Product Tab Custom 1 Content"},{"type":"checkbox","id":"product_tab_custom_2_enable","label":"Product Tab custom 2 Enable","default":true},{"type":"text","id":"product_tab_custom_2_title","label":"Product Tab custom 2 Title"},{"type":"textarea","id":"product_tab_custom_2_content","label":"Product Tab Custom 2 Content"},{"type":"header","content":"Product Tabs Review"},{"type":"checkbox","id":"product_tab_review_enable","label":"Product Tab Review Enable","default":true},{"type":"text","id":"product_tab_review_title","label":"Product Tab Review Title"},{"type":"header","content":"Latest Products"},{"type":"text","id":"latest_title","label":"Title","default":"Latest Products"},{"type":"text","id":"latest_col","label":"Grid item","default":"4","info":"ex:2,3,4,5,6"},{"type":"text","id":"latest_limit","label":"Limit products","default":"12"},{"type":"collection","id":"latest_collection","label":"Choose a Collection"}]},{"name":"Blogs - Page","settings":[{"type":"header","content":"Blog lists page"},{"type":"text","id":"blog_list_number","label":"Limit articles"},{"type":"header","content":"Blog detail"},{"type":"checkbox","id":"blog_detail_share","label":"Enable Social Share"},{"type":"text","id":"blog_detail_share_title","label":"Title","default":"Share this post"},{"type":"checkbox","id":"blog_detail_share_facebook","label":"Enable Facebook Share"},{"type":"checkbox","id":"blog_detail_share_twitter","label":"Enable Twitter Share"},{"type":"checkbox","id":"blog_detail_share_google","label":"Enable Google Plus Share"},{"type":"checkbox","id":"blog_detail_share_pinterest","label":"Enable Pinterest Share"},{"type":"header","content":"Blog Sidebar"},{"type":"checkbox","id":"blog_sidebar_search_enable","label":"Enable Search Block"},{"type":"text","id":"blog_sidebar_search_title","label":"Title","default":"Search"},{"type":"checkbox","id":"blog_sidebar_categories_enable","label":"Enable Categories Block"},{"type":"text","id":"blog_sidebar_categories_title","label":"Title"},{"type":"link_list","id":"blog_sidebar_categories_menu","label":"Category Menu"},{"type":"checkbox","id":"blog_sidebar_latest_enable","label":"Enable Latest News Block"},{"type":"text","id":"blog_sidebar_latest_title","label":"Title","default":"Latest News"},{"type":"text","id":"blog_sidebar_latest_number","label":"Number products"},{"type":"checkbox","id":"blog_sidebar_text_widget_enable","label":"Enable Widget Text Block"},{"type":"text","id":"blog_sidebar_text_widget_title","label":"Title"},{"type":"textarea","id":"blog_sidebar_text_widget_content","label":"Content"},{"type":"checkbox","id":"blog_sidebar_tags_enable","label":"Enable Tags Block"},{"type":"text","id":"blog_sidebar_tags_title","label":"Title"},{"type":"link_list","id":"blog_sidebar_tags_menu","label":"Tags Menu"}]},{"name":"SideBar","settings":[{"type":"header","content":"Widget product"},{"type":"checkbox","id":"widget_enable_1","label":"Enable Widget 1"},{"type":"text","id":"widget_title_1","label":"Title"},{"type":"collection","id":"widget_collection_1","label":"Products Collection"},{"type":"header","content":"Widget Text"},{"type":"checkbox","id":"widget_text_enable","label":"Enable"},{"type":"text","id":"widget_text_title","label":"Title"},{"type":"textarea","id":"widget_text_content","label":"Content"},{"type":"header","content":"Advertising"},{"type":"checkbox","id":"ads_enable","label":"Enable Advertising"},{"type":"image","id":"ads_block.jpg","label":"Ads Image"},{"type":"text","id":"ads_block_url","label":"Ads Url","default":"#"},{"type":"header","content":"Tags"},{"type":"checkbox","id":"tags_enable","label":"Enable Tags"},{"type":"link_list","id":"tags_menu","label":"Tags Menu"}]},{"name":"Contact us - Page","settings":[{"type":"header","content":"Settings"},{"type":"text","id":"contact_us_title","label":"Title","default":"Contact us for any queries"},{"type":"textarea","id":"contact_us_content","label":"Custom Html Content"},{"type":"textarea","id":"contact_us_address","label":"Custom Html Address"},{"type":"textarea","id":"contact_us_emails","label":"Custom Html Email"},{"type":"textarea","id":"contact_us_phone","label":"Custom Html Phone"},{"type":"textarea","id":"contact_us_hour_working","label":"Custom Html Hour Working"},{"type":"header","content":"Google Map"},{"type":"checkbox","id":"enable_google_map","label":"Enable Google Map"},{"type":"text","id":"google_map_latitude","label":"Latitude"},{"type":"text","id":"google_map_longitude","label":"Longitude"},{"type":"text","id":"google_map_height","label":"Map Height"},{"type":"text","id":"google_map_zoom","label":"Map Zoom","default":"11"},{"type":"text","id":"contact_us_form_title","label":"Form Title","default":"get in touch with us"}]},{"name":"About us - Page","settings":[{"type":"header","content":"Position Settings"},{"type":"select","id":"aboutus_section_1","label":"Section 1","options":[{"value":"","label":"None"},{"value":"section-introduction","label":"Introduction"},{"value":"section-camera","label":"Camera"},{"value":"section-features","label":"Home Features"},{"value":"section-banner","label":"Banner"},{"value":"section-ourteam","label":"Our Team"},{"value":"section-gallery-video","label":"Image Gallery + Video"}]},{"type":"checkbox","id":"aboutus_section_full_1","label":"Full Screen Section 1"},{"type":"select","id":"aboutus_section_2","label":"Section 2","options":[{"value":"","label":"None"},{"value":"section-introduction","label":"Introduction"},{"value":"section-camera","label":"Camera"},{"value":"section-features","label":"Home Features"},{"value":"section-banner","label":"Banner"},{"value":"section-ourteam","label":"Our Team"},{"value":"section-gallery-video","label":"Image Gallery + Video"}]},{"type":"checkbox","id":"aboutus_section_full_2","label":"Full Screen Section 2"},{"type":"select","id":"aboutus_section_3","label":"Section 3","options":[{"value":"","label":"None"},{"value":"section-introduction","label":"Introduction"},{"value":"section-camera","label":"Camera"},{"value":"section-features","label":"Home Features"},{"value":"section-banner","label":"Banner"},{"value":"section-ourteam","label":"Our Team"},{"value":"section-gallery-video","label":"Image Gallery + Video"}]},{"type":"checkbox","id":"aboutus_section_full_3","label":"Full Screen Section 3"},{"type":"select","id":"aboutus_section_4","label":"Section 4","options":[{"value":"","label":"None"},{"value":"section-introduction","label":"Introduction"},{"value":"section-camera","label":"Camera"},{"value":"section-features","label":"Home Features"},{"value":"section-banner","label":"Banner"},{"value":"section-ourteam","label":"Our Team"},{"value":"section-gallery-video","label":"Image Gallery + Video"}]},{"type":"checkbox","id":"aboutus_section_full_4","label":"Full Screen Section 4"},{"type":"select","id":"aboutus_section_5","label":"Section 5","options":[{"value":"","label":"None"},{"value":"section-introduction","label":"Introduction"},{"value":"section-camera","label":"Camera"},{"value":"section-features","label":"Home Features"},{"value":"section-banner","label":"Banner"},{"value":"section-ourteam","label":"Our Team"},{"value":"section-gallery-video","label":"Image Gallery + Video"}]},{"type":"checkbox","id":"aboutus_section_full_5","label":"Full Screen Section 5"},{"type":"select","id":"aboutus_section_6","label":"Section 6","options":[{"value":"","label":"None"},{"value":"section-introduction","label":"Introduction"},{"value":"section-camera","label":"Camera"},{"value":"section-features","label":"Features"},{"value":"section-banner","label":"Banner"},{"value":"section-ourteam","label":"Our Team"},{"value":"section-gallery-video","label":"Image Gallery + Video"}]},{"type":"checkbox","id":"aboutus_section_full_6","label":"Full Screen Section 6"}]},{"name":"Gallery - Page","settings":[{"type":"text","id":"gallery_page_image_title","label":"Title"},{"type":"checkbox","id":"gallery_page_image_1_enable","label":"Enable Image 1"},{"type":"image","id":"gallery_page_image_1.jpg","label":"Image 1"},{"type":"checkbox","id":"gallery_page_image_2_enable","label":"Enable Image 2"},{"type":"image","id":"gallery_page_image_2.jpg","label":"Image 2"},{"type":"checkbox","id":"gallery_page_image_3_enable","label":"Enable Image 3"},{"type":"image","id":"gallery_page_image_3.jpg","label":"Image 3"},{"type":"checkbox","id":"gallery_page_image_4_enable","label":"Enable Image 4"},{"type":"image","id":"gallery_page_image_4.jpg","label":"Image 4"},{"type":"checkbox","id":"gallery_page_image_5_enable","label":"Enable Image 5"},{"type":"image","id":"gallery_page_image_5.jpg","label":"Image 5"},{"type":"checkbox","id":"gallery_page_image_6_enable","label":"Enable Image 6"},{"type":"image","id":"gallery_page_image_6.jpg","label":"Image 6"},{"type":"checkbox","id":"gallery_page_image_7_enable","label":"Enable Image 7"},{"type":"image","id":"gallery_page_image_7.jpg","label":"Image 7"},{"type":"checkbox","id":"gallery_page_image_8_enable","label":"Enable Image 8"},{"type":"image","id":"gallery_page_image_8.jpg","label":"Image 8"},{"type":"checkbox","id":"gallery_page_image_9_enable","label":"Enable Image 9"},{"type":"image","id":"gallery_page_image_9.jpg","label":"Image 9"},{"type":"checkbox","id":"gallery_page_image_10_enable","label":"Enable Image 10"},{"type":"image","id":"gallery_page_image_10.jpg","label":"Image 10"},{"type":"checkbox","id":"gallery_page_image_11_enable","label":"Enable Image 11"},{"type":"image","id":"gallery_page_image_11.jpg","label":"Image 11"},{"type":"checkbox","id":"gallery_page_image_12_enable","label":"Enable Image 12"},{"type":"image","id":"gallery_page_image_12.jpg","label":"Image 12"}]},{"name":"404 Page","settings":[{"type":"header","content":"Settings"},{"type":"text","id":"notfound_page_title","label":"Title"},{"type":"textarea","id":"notfound_page_content","label":"Content"},{"type":"image","id":"notfound_page_image.jpg","label":"Image"},{"type":"checkbox","id":"notfound_page_show_newsletter","label":"Show Newsletter"},{"type":"textarea","id":"notfound_page_newsletter_desc","label":"Newsletter Description"},{"type":"text","id":"notfound_page_button","label":"Back To Home Button","default":"Back To Home"}]},{"name":"Recurring Orders by Bold","settings":[{"type":"text","id":"recurring-orders-loading","label":"Widget loading text:","default":"Loading subscription info...","info":"Text to display while widget is loading"},{"type":"checkbox","id":"recurring-orders-inherit-classes","label":"Copy the classes from the add-to-cart button for the 'Complete Subscription' button?","default":false,"info":"If checked, Recurring Orders will attempt to automatically match the style of our 'Complete Subscription' button with your theme's 'Add-to-cart' button. The 'Complete Subscription' button is used when Recurring Orders is in Single-Product mode and for subscriptions that have a 'Prepaid' option."},{"type":"text","id":"recurring-orders-additional-button-classes","label":"Additional classes for the 'Complete Subscription' button","info":"Enter any additional class names that you would like to use to style the 'Complete Subscription' button."}]}]